Datetime,Open,High,Low,Close,Volume,Sma,Atr
2021-12-31 21:00:00,0.07547,0.07547,0.07354,0.07363,107628305.0,,0.0
2021-12-31 22:00:00,0.07362,0.07439,0.07346,0.07362,68969801.0,,0.0
2021-12-31 23:00:00,0.07361,0.07489,0.07361,0.07487,55002908.0,,0.0
2022-01-01 00:00:00,0.07486,0.07531,0.07481,0.07482,30776457.0,,0.0
2022-01-01 01:00:00,0.07483,0.07549,0.07479,0.07533,29922546.0,,0.0
2022-01-01 02:00:00,0.07531,0.07595,0.07517,0.07586,42079645.0,,0.0
2022-01-01 03:00:00,0.07585,0.07611,0.07561,0.07577,28155438.0,,0.0
2022-01-01 04:00:00,0.07578,0.07612,0.07575,0.07588,14891257.0,,0.0
2022-01-01 05:00:00,0.07589,0.07595,0.07574,0.07584,29045116.0,,0.0
2022-01-01 06:00:00,0.07584,0.07596,0.0754,0.0756,24981605.0,,0.0
2022-01-01 07:00:00,0.0756,0.07664,0.0756,0.07615,50347619.0,,0.0
2022-01-01 08:00:00,0.07615,0.07642,0.07591,0.07595,28084939.0,,0.0
2022-01-01 09:00:00,0.07596,0.0762,0.07585,0.07615,24454452.0,,0.0
2022-01-01 10:00:00,0.07614,0.07627,0.07599,0.07601,20752127.0,,0.0
2022-01-01 11:00:00,0.07602,0.07611,0.07557,0.07609,35622600.0,,0.0
2022-01-01 12:00:00,0.07609,0.0762,0.07544,0.07573,39056138.0,,0.0
2022-01-01 13:00:00,0.07573,0.07599,0.07563,0.07572,24687206.0,,0.0
2022-01-01 14:00:00,0.07572,0.07612,0.07568,0.07601,21507128.0,,0.0
2022-01-01 15:00:00,0.07601,0.07613,0.0759,0.07607,28346135.0,,0.0
2022-01-01 16:00:00,0.07608,0.07636,0.07602,0.07619,31558679.0,,0.0
2022-01-01 17:00:00,0.07619,0.07672,0.07608,0.07638,38174759.0,0.07560333333333333,0.0006309523809523822
2022-01-01 18:00:00,0.07639,0.07666,0.07622,0.07627,35317045.0,0.07572904761904761,0.0006218594104308407
2022-01-01 19:00:00,0.07627,0.07682,0.07617,0.0766,41609946.0,0.07587095238095237,0.0006231994385055624
2022-01-01 20:00:00,0.07661,0.0767,0.07618,0.07634,26337731.0,0.07594095238095237,0.0006182851795291074
2022-01-01 21:00:00,0.07635,0.07651,0.0762,0.0763,20547300.0,0.07601142857142858,0.0006036049328848637
2022-01-01 22:00:00,0.07629,0.07657,0.07622,0.07629,17929392.0,0.07605714285714285,0.0005915285075093942
2022-01-01 23:00:00,0.07628,0.07644,0.07595,0.07604,20004532.0,0.07606571428571429,0.0005866938166756131
2022-01-02 00:00:00,0.07604,0.07631,0.07591,0.0763,14910636.0,0.07609095238095238,0.0005778036349291553
2022-01-02 01:00:00,0.07629,0.07663,0.07613,0.07654,22650110.0,0.07612238095238096,0.0005740986999325288
2022-01-02 02:00:00,0.07654,0.07711,0.07618,0.07652,91405446.0,0.07615476190476189,0.0005910463808881227
2022-01-02 03:00:00,0.07653,0.07658,0.07635,0.07653,23503703.0,0.07619904761904761,0.0005738536960839261
2022-01-02 04:00:00,0.07655,0.07666,0.07641,0.07663,17682795.0,0.07622190476190475,0.0005584320915085011
2022-01-02 05:00:00,0.07662,0.07696,0.07659,0.07673,24883372.0,0.07625904761904762,0.0005494591347700008
2022-01-02 06:00:00,0.07674,0.07688,0.07615,0.07636,32436305.0,0.07626904761904763,0.0005580563188285726
2022-01-02 07:00:00,0.07636,0.07655,0.07625,0.07644,16088639.0,0.07628952380952381,0.000545767922693879
2022-01-02 08:00:00,0.07644,0.07645,0.07605,0.07613,19373439.0,0.07629142857142857,0.0005388265930417895
2022-01-02 09:00:00,0.07613,0.07638,0.07605,0.07626,14388100.0,0.07631666666666666,0.0005288824695636089
2022-01-02 10:00:00,0.07626,0.07667,0.07595,0.0766,26109333.0,0.07635857142857143,0.0005379833043462941
2022-01-02 11:00:00,0.0766,0.07692,0.07651,0.07656,26293247.0,0.07638476190476191,0.0005318888612821851
2022-01-02 12:00:00,0.07655,0.07668,0.07641,0.07647,17278362.0,0.07640380952380951,0.0005194179631258902
2022-01-02 13:00:00,0.07647,0.0768,0.07644,0.0767,18565284.0,0.07642809523809524,0.0005118266315484668
2022-01-02 14:00:00,0.07671,0.07709,0.07646,0.07702,25100902.0,0.07645857142857143,0.0005174539348080638
2022-01-02 15:00:00,0.07703,0.07718,0.07685,0.07712,22206897.0,0.07649904761904762,0.0005085275569600606
2022-01-02 16:00:00,0.07713,0.07743,0.07689,0.07739,32362874.0,0.07653666666666667,0.0005100262447238672
2022-01-02 17:00:00,0.07738,0.07799,0.07735,0.07787,51045554.0,0.07660952380952381,0.0005162154711655879
2022-01-02 18:00:00,0.07787,0.07823,0.0777,0.07814,39819260.0,0.07669714285714285,0.0005168718773005594
2022-01-02 19:00:00,0.07815,0.07832,0.07782,0.07795,38452586.0,0.07677619047619048,0.0005160684545719613
2022-01-02 20:00:00,0.07795,0.07797,0.07677,0.07727,56213186.0,0.0768347619047619,0.0005486366234018676
2022-01-02 21:00:00,0.07726,0.07746,0.07701,0.07709,24254847.0,0.07687238095238096,0.0005439396413351122
2022-01-02 22:00:00,0.07708,0.07729,0.07696,0.07718,19978820.0,0.07690285714285713,0.0005337520393667734
2022-01-02 23:00:00,0.07717,0.07758,0.07694,0.07733,25216888.0,0.07694142857142858,0.0005388114660635938
2022-01-03 00:00:00,0.07733,0.07774,0.07733,0.07766,24018303.0,0.07699523809523809,0.0005326775867272325
2022-01-03 01:00:00,0.07767,0.07804,0.07761,0.07762,21261793.0,0.07704238095238096,0.0005277881778354595
2022-01-03 02:00:00,0.07762,0.07776,0.07733,0.07759,28093711.0,0.07708333333333332,0.0005231315979385328
2022-01-03 03:00:00,0.07759,0.07811,0.07746,0.0781,22567509.0,0.07716619047619047,0.0005291729504176502
2022-01-03 04:00:00,0.0781,0.07811,0.07757,0.07782,36622158.0,0.07723190476190477,0.0005296885242072859
2022-01-03 05:00:00,0.07782,0.07803,0.07741,0.07754,21448155.0,0.07729904761904763,0.0005339890706736054
2022-01-03 06:00:00,0.07751,0.07786,0.07723,0.0773,24540070.0,0.07734857142857143,0.0005385610196891483
2022-01-03 07:00:00,0.0773,0.07737,0.07701,0.07729,33805956.0,0.07738142857142857,0.0005300581139896651
2022-01-03 08:00:00,0.07729,0.07733,0.07678,0.07692,24719778.0,0.07739857142857143,0.0005310077276092046
2022-01-03 09:00:00,0.07692,0.07697,0.07667,0.07683,31648967.0,0.0774157142857143,0.0005200073596278136
2022-01-03 10:00:00,0.07683,0.07703,0.07675,0.07696,28851262.0,0.07742809523809524,0.0005085784377407749
2022-01-03 11:00:00,0.07695,0.07711,0.07665,0.07701,30820135.0,0.07742761904761905,0.0005062651788007381
2022-01-03 12:00:00,0.077,0.07732,0.07691,0.07719,38600599.0,0.07743095238095238,0.0005016811226673693
2022-01-03 13:00:00,0.07719,0.07777,0.07719,0.07765,34441875.0,0.07744333333333334,0.0005054105930165427
2022-01-03 14:00:00,0.07766,0.0781,0.07759,0.07768,64877872.0,0.07743428571428572,0.000505629136206231
2022-01-03 15:00:00,0.07769,0.07817,0.07765,0.07796,48670605.0,0.07742571428571429,0.0005063134630535536
2022-01-03 16:00:00,0.07796,0.07818,0.07758,0.07766,50882393.0,0.07741190476190475,0.0005107747267176702
2022-01-03 17:00:00,0.07767,0.07791,0.07724,0.07738,47486867.0,0.07741714285714285,0.0005183568825882568
2022-01-03 18:00:00,0.07738,0.07754,0.07692,0.07721,65060088.0,0.07742285714285714,0.0005231970310364349
2022-01-03 19:00:00,0.0772,0.07743,0.07705,0.07708,29601820.0,0.07741809523809524,0.000516378124796605
2022-01-03 20:00:00,0.07708,0.0773,0.07701,0.07704,25865907.0,0.0774042857142857,0.0005055982140920047
2022-01-03 21:00:00,0.07703,0.07732,0.07694,0.077,28551551.0,0.07737285714285715,0.0004996173467542905
2022-01-03 22:00:00,0.07701,0.07716,0.07616,0.07652,115191997.0,0.07732047619047619,0.0005234450921469434
2022-01-03 23:00:00,0.07651,0.07695,0.07628,0.07671,39906220.0,0.07727857142857143,0.0005304238972828034
2022-01-04 00:00:00,0.07671,0.07722,0.07665,0.07715,27946603.0,0.07723333333333333,0.00053230847360267
2022-01-04 01:00:00,0.07716,0.07725,0.07693,0.07702,21926508.0,0.0771952380952381,0.0005221985462882572
2022-01-04 02:00:00,0.07701,0.07715,0.07646,0.07659,32091177.0,0.07715,0.000530189091703102
2022-01-04 03:00:00,0.07658,0.07687,0.07609,0.0761,27518544.0,0.07709285714285714,0.000542084849241049
2022-01-04 04:00:00,0.07611,0.07646,0.07589,0.07627,28668830.0,0.07704428571428572,0.0005434141421343324
2022-01-04 05:00:00,0.07627,0.07658,0.07601,0.07643,21245410.0,0.07702095238095238,0.0005446801353660309
2022-01-04 06:00:00,0.07642,0.07649,0.07608,0.07612,23311556.0,0.07698714285714285,0.0005382667955866965
2022-01-04 07:00:00,0.07612,0.07644,0.07603,0.0764,20954487.0,0.07696047619047619,0.0005321588529397106
2022-01-04 08:00:00,0.07641,0.07659,0.07627,0.07654,13569989.0,0.07693809523809524,0.000522056050418772
2022-01-04 09:00:00,0.07652,0.07681,0.07648,0.07681,18107240.0,0.07691999999999999,0.0005129105242083541
2022-01-04 10:00:00,0.07681,0.07691,0.07659,0.07674,23061775.0,0.07687666666666666,0.0005037243087698611
2022-01-04 11:00:00,0.07674,0.0769,0.07662,0.07679,23466348.0,0.0768342857142857,0.0004930707702570107
2022-01-04 12:00:00,0.0768,0.0772,0.0767,0.07712,22744352.0,0.0767942857142857,0.0004934007335781054
2022-01-04 13:00:00,0.07714,0.07738,0.07711,0.07735,30191650.0,0.07677952380952381,0.0004827626034077198
2022-01-04 14:00:00,0.07735,0.07777,0.07696,0.07767,57984325.0,0.07679333333333334,0.000498345336578781
2022-01-04 15:00:00,0.07768,0.07808,0.07739,0.07782,53916059.0,0.07682238095238095,0.0005074717491226485
2022-01-04 16:00:00,0.07782,0.07803,0.0776,0.07777,67585171.0,0.0768552380952381,0.0005037826182120462
2022-01-04 17:00:00,0.07779,0.07794,0.07714,0.07725,47496471.0,0.0768652380952381,0.0005178882078209961
2022-01-04 18:00:00,0.07725,0.07743,0.07684,0.07735,73313825.0,0.07688190476190478,0.0005213221026866626
2022-01-04 19:00:00,0.07734,0.07747,0.07705,0.0771,24548263.0,0.0769095238095238,0.0005164972406539645
2022-01-04 20:00:00,0.0771,0.07737,0.07576,0.07601,84875486.0,0.07687619047619047,0.0005685688006228233
2022-01-04 21:00:00,0.07602,0.07665,0.0757,0.07632,90957917.0,0.07683666666666668,0.0005867321910693552
2022-01-04 22:00:00,0.07633,0.07677,0.07622,0.07662,36163909.0,0.07681761904761905,0.000584983039113672
2022-01-04 23:00:00,0.07663,0.07669,0.07645,0.0766,14694725.0,0.07681809523809524,0.0005685552753463539
2022-01-05 00:00:00,0.07661,0.07662,0.07634,0.0764,13815641.0,0.07683238095238096,0.000554814547948908
2022-01-05 01:00:00,0.0764,0.07642,0.07582,0.0759,49905984.0,0.0768147619047619,0.0005569662361418172
2022-01-05 02:00:00,0.07591,0.07644,0.07566,0.07633,28485021.0,0.07680999999999999,0.000567586891563635
2022-01-05 03:00:00,0.07633,0.07652,0.07603,0.07606,41272245.0,0.07680714285714285,0.0005638922776796526
2022-01-05 04:00:00,0.07606,0.0765,0.07605,0.07644,12960779.0,0.07680904761904761,0.000558468835885383
2022-01-05 05:00:00,0.07644,0.07672,0.07644,0.07658,20189469.0,0.0768109523809524,0.0005452084151289364
2022-01-05 06:00:00,0.07659,0.07681,0.07648,0.0768,25458497.0,0.07681047619047619,0.0005349603953608917
2022-01-05 07:00:00,0.07679,0.07681,0.07651,0.07667,17025366.0,0.07680714285714287,0.0005237718051056115
2022-01-05 08:00:00,0.07667,0.07682,0.07656,0.0768,19395221.0,0.07680761904761906,0.0005112112429577251
2022-01-05 09:00:00,0.0768,0.07728,0.0766,0.07708,58708898.0,0.07680571428571428,0.0005192488028168812
2022-01-05 10:00:00,0.07709,0.07743,0.07686,0.07725,52798551.0,0.07680095238095237,0.0005216655264922678
2022-01-05 11:00:00,0.07725,0.07745,0.07706,0.07718,68460864.0,0.07677761904761905,0.0005153957395164456
2022-01-05 12:00:00,0.07718,0.0773,0.07686,0.07697,25077910.0,0.07673714285714286,0.0005118054662061384
2022-01-05 13:00:00,0.07698,0.07704,0.07645,0.07668,43755208.0,0.0766852380952381,0.0005155290154344172
2022-01-05 14:00:00,0.07666,0.07677,0.07609,0.07663,65845323.0,0.07665571428571429,0.0005233609670803974
2022-01-05 15:00:00,0.07661,0.07703,0.07643,0.07699,46190531.0,0.07663857142857142,0.0005270104448384738
2022-01-05 16:00:00,0.07698,0.07722,0.07659,0.07712,60193595.0,0.07663952380952381,0.0005319147093699747
2022-01-05 17:00:00,0.07712,0.07729,0.07683,0.07703,37550150.0,0.07668809523809524,0.0005284901993999761
2022-01-05 18:00:00,0.07703,0.0771,0.07667,0.07674,30945155.0,0.07670809523809523,0.0005238001899047391
2022-01-05 19:00:00,0.07674,0.0769,0.07613,0.07616,29181713.0,0.07668619047619048,0.0005355239903854655
2022-01-05 20:00:00,0.07617,0.07629,0.07555,0.07565,111912970.0,0.07664095238095238,0.0005452609432242524
2022-01-05 21:00:00,0.07565,0.07591,0.07332,0.07336,220113485.0,0.07649619047619047,0.0006426294697373837
2022-01-05 22:00:00,0.07336,0.07367,0.07201,0.07235,225009097.0,0.07632714285714286,0.0006910756854641747
2022-01-05 23:00:00,0.07234,0.0728,0.07131,0.07168,108793413.0,0.07610571428571429,0.0007291197004420714
2022-01-06 00:00:00,0.07169,0.07188,0.0689,0.07093,193646381.0,0.07586142857142858,0.0008363044766114963
2022-01-06 01:00:00,0.07092,0.0716,0.07054,0.07106,80446200.0,0.07560523809523809,0.0008469566443919009
2022-01-06 02:00:00,0.07106,0.07131,0.07051,0.07107,76627345.0,0.07534285714285714,0.0008447206137065721
2022-01-06 03:00:00,0.07107,0.07123,0.07035,0.07063,49065101.0,0.07504904761904761,0.0008464005844824498
2022-01-06 04:00:00,0.07062,0.07085,0.07024,0.07037,42841913.0,0.07474904761904762,0.0008351434137928094
2022-01-06 05:00:00,0.07038,0.07049,0.06939,0.06942,50417364.0,0.07439761904761905,0.0008477556321836282
2022-01-06 06:00:00,0.06944,0.07013,0.06918,0.06995,75904091.0,0.07405809523809524,0.0008526244116034551
2022-01-06 07:00:00,0.06993,0.07058,0.06964,0.06998,58950478.0,0.07371190476190476,0.000856785153908053
2022-01-06 08:00:00,0.06998,0.07051,0.06977,0.0704,36405380.0,0.07338904761904762,0.0008512239561029078
2022-01-06 09:00:00,0.0704,0.07076,0.07018,0.07066,32029110.0,0.07308857142857143,0.0008383085296218168
2022-01-06 10:00:00,0.07067,0.07074,0.06979,0.07051,62611735.0,0.0727947619047619,0.0008436271710683966
2022-01-06 11:00:00,0.07051,0.0706,0.06916,0.0693,85897203.0,0.0724457142857143,0.0008720258772079967
2022-01-06 12:00:00,0.0693,0.07021,0.06929,0.07015,59047471.0,0.07212,0.0008743103592457108
2022-01-06 13:00:00,0.07014,0.07027,0.06961,0.06995,36550677.0,0.07177857142857143,0.0008641051040435338
2022-01-06 14:00:00,0.06996,0.07025,0.06955,0.07021,36176353.0,0.07145380952380953,0.0008562905752795563
2022-01-06 15:00:00,0.07021,0.07072,0.07003,0.07067,46293939.0,0.07116476190476191,0.0008483719764567207
2022-01-06 16:00:00,0.07068,0.07072,0.07,0.07008,42406295.0,0.0708752380952381,0.0008422590251968767
2022-01-06 17:00:00,0.07008,0.07044,0.06973,0.07033,49118539.0,0.07062190476190476,0.000835960976377978
2022-01-06 18:00:00,0.07033,0.07062,0.07001,0.0705,33697120.0,0.07048571428571429,0.0008252009298837885
2022-01-06 19:00:00,0.0705,0.07076,0.07032,0.07043,34242662.0,0.07039428571428571,0.0008068580284607514
2022-01-06 20:00:00,0.07044,0.07132,0.07041,0.07129,39783657.0,0.07037571428571429,0.000811769550915001
2022-01-06 21:00:00,0.07131,0.07134,0.07097,0.07121,46518221.0,0.07038904761904761,0.000790732905633334
2022-01-06 22:00:00,0.0712,0.07143,0.0708,0.0711,24641727.0,0.07039095238095239,0.000783078957746032
2022-01-06 23:00:00,0.0711,0.07129,0.07075,0.07108,35863013.0,0.07039142857142858,0.0007715037692819359
2022-01-07 00:00:00,0.07107,0.07136,0.07099,0.07134,13636853.0,0.0704252380952381,0.0007523845421732727
2022-01-07 01:00:00,0.07134,0.07139,0.0709,0.07103,15148292.0,0.07045666666666667,0.0007398900401650211
2022-01-07 02:00:00,0.07101,0.07117,0.07024,0.0705,30444168.0,0.07050809523809523,0.0007489428953952582
2022-01-07 03:00:00,0.0705,0.0708,0.07037,0.07069,14017682.0,0.07054333333333333,0.0007337551384716744
2022-01-07 04:00:00,0.0707,0.07079,0.07007,0.0701,27661278.0,0.07054904761904762,0.0007331001318777857
2022-01-07 05:00:00,0.07012,0.07018,0.06795,0.06804,126426482.0,0.07043666666666668,0.0008043810779788439
2022-01-07 06:00:00,0.06805,0.06835,0.06639,0.06777,203774334.0,0.07029904761904761,0.0008594105504560413
2022-01-07 07:00:00,0.06777,0.06815,0.06741,0.06794,64157613.0,0.07017666666666666,0.0008537243337676586
2022-01-07 08:00:00,0.06794,0.06794,0.0671,0.06733,57311447.0,0.07008285714285714,0.0008530707940644364
2022-01-07 09:00:00,0.06733,0.06769,0.06681,0.06763,54079511.0,0.06996285714285715,0.0008543531372042255
2022-01-07 10:00:00,0.06764,0.06911,0.06746,0.06838,136496710.0,0.06988809523809524,0.0008922410830516433
2022-01-07 11:00:00,0.06838,0.06907,0.06836,0.0689,33095756.0,0.06982571428571428,0.0008835629362396603
2022-01-07 12:00:00,0.0689,0.06915,0.06852,0.06853,32385382.0,0.06972380952380952,0.0008714885107044387
2022-01-07 13:00:00,0.06852,0.06886,0.06852,0.0687,22806177.0,0.06965809523809524,0.0008461795340042277
2022-01-07 14:00:00,0.0687,0.06907,0.06867,0.06878,31128259.0,0.06958428571428571,0.0008249328895278364
2022-01-07 15:00:00,0.06879,0.06915,0.06675,0.0674,169156941.0,0.06943666666666666,0.0008999360852646061
2022-01-07 16:00:00,0.06741,0.06827,0.06725,0.06803,52280051.0,0.06932238095238095,0.0009056534145377198
2022-01-07 17:00:00,0.06804,0.06807,0.06642,0.06733,105411723.0,0.06913380952380951,0.0009410984900359235
2022-01-07 18:00:00,0.06733,0.06874,0.0665,0.06857,138318437.0,0.06900809523809523,0.0010029509428913553
2022-01-07 19:00:00,0.06857,0.06862,0.06799,0.06839,42351581.0,0.06887904761904762,0.0009851913741822434
2022-01-07 20:00:00,0.06839,0.06848,0.06774,0.06803,35124766.0,0.06873380952380952,0.0009735155944592796
2022-01-07 21:00:00,0.06803,0.06864,0.06781,0.06845,44125244.0,0.06859619047619048,0.0009666815185326479
2022-01-07 22:00:00,0.06846,0.06871,0.06815,0.0686,33301962.0,0.06848047619047619,0.0009473157319358547
2022-01-07 23:00:00,0.06861,0.06873,0.06832,0.06847,31253243.0,0.06838380952380953,0.0009217292685103376
2022-01-08 00:00:00,0.06847,0.06847,0.06762,0.06782,35567056.0,0.06824714285714285,0.0009183135890574645
2022-01-08 01:00:00,0.06781,0.06819,0.06764,0.06819,30472693.0,0.06815619047619048,0.0009007748467213946
2022-01-08 02:00:00,0.06819,0.06899,0.06785,0.06894,68199412.0,0.06819904761904762,0.0009121665206870426
2022-01-08 03:00:00,0.06892,0.06912,0.06863,0.06871,39042302.0,0.06824380952380953,0.0008920633530352789
2022-01-08 04:00:00,0.06869,0.06876,0.06827,0.06858,31895971.0,0.0682742857142857,0.0008729174790812181
2022-01-08 05:00:00,0.06857,0.0687,0.06804,0.06858,31131824.0,0.06833380952380953,0.0008627785515059217
2022-01-08 06:00:00,0.06859,0.06907,0.06858,0.06896,33439060.0,0.06839714285714285,0.0008450271919104018
2022-01-08 07:00:00,0.06896,0.06911,0.06877,0.06901,28708732.0,0.06842714285714287,0.0008209782780099067
2022-01-08 08:00:00,0.06902,0.06905,0.06852,0.06896,31392077.0,0.06842999999999999,0.0008071221695332446
2022-01-08 09:00:00,0.06897,0.06909,0.06875,0.06888,17696694.0,0.06844666666666666,0.0007848782566983279
2022-01-08 10:00:00,0.06888,0.06918,0.06862,0.0687,35290654.0,0.06844666666666666,0.000774169768284122
2022-01-08 11:00:00,0.06871,0.06888,0.06854,0.06875,15396011.0,0.06844523809523809,0.0007534950174134492
2022-01-08 12:00:00,0.06875,0.06878,0.06821,0.06834,25490834.0,0.06849000000000001,0.0007447571594413796
2022-01-08 13:00:00,0.06835,0.06835,0.06796,0.06817,28747330.0,0.06849666666666666,0.0007278639613727419
2022-01-08 14:00:00,0.06818,0.06829,0.06787,0.06804,29020113.0,0.0685304761904762,0.0007132037727359448
2022-01-08 15:00:00,0.06804,0.0683,0.0678,0.06802,38717737.0,0.06850428571428571,0.0007030512121294712
2022-01-08 16:00:00,0.06803,0.0682,0.06763,0.06765,30641630.0,0.06846904761904762,0.000696715440123306
2022-01-08 17:00:00,0.06767,0.06773,0.06646,0.0668,161499192.0,0.06841047619047619,0.0007240147048793386
2022-01-08 18:00:00,0.0668,0.06702,0.06608,0.06621,69331241.0,0.06830380952380952,0.0007342997189327033
2022-01-08 19:00:00,0.06618,0.06625,0.0648,0.06485,103909557.0,0.06812523809523809,0.000768380684697813
2022-01-08 20:00:00,0.06484,0.06556,0.06393,0.06425,194963391.0,0.06792428571428571,0.0008094101759026788
2022-01-08 21:00:00,0.06424,0.06484,0.06398,0.06432,98679164.0,0.06775761904761904,0.0008118192151454084
2022-01-08 22:00:00,0.06432,0.06483,0.06401,0.06431,44803904.0,0.06757285714285714,0.0008122087763289603
2022-01-08 23:00:00,0.06433,0.06575,0.06426,0.06549,64871096.0,0.06740857142857141,0.0008444845488847244
2022-01-09 00:00:00,0.06548,0.06625,0.06539,0.06591,58019164.0,0.0672752380952381,0.0008452233798902137
2022-01-09 01:00:00,0.06591,0.06597,0.06529,0.06534,31507487.0,0.06712095238095238,0.0008373555998954416
2022-01-09 02:00:00,0.06535,0.06575,0.06485,0.06566,58324581.0,0.06698190476190476,0.0008403386665670873
2022-01-09 03:00:00,0.06567,0.06579,0.06501,0.06532,38788089.0,0.06680857142857144,0.0008374653967305594
2022-01-09 04:00:00,0.06532,0.06606,0.06531,0.06593,33348345.0,0.06666190476190476,0.0008333003778386274
2022-01-09 05:00:00,0.06594,0.06594,0.06558,0.06566,31016168.0,0.06650476190476191,0.0008107622646082166
2022-01-09 06:00:00,0.06566,0.06628,0.06562,0.06624,37533660.0,0.06637904761904763,0.0008035831091506828
2022-01-09 07:00:00,0.06624,0.06627,0.06572,0.06575,27157873.0,0.06623857142857144,0.0007915077230006501
2022-01-09 08:00:00,0.06575,0.06621,0.06569,0.06609,27731642.0,0.06611190476190476,0.0007785787838101432
2022-01-09 09:00:00,0.06609,0.06618,0.06576,0.06581,16741618.0,0.06599142857142856,0.0007615036036287081
2022-01-09 10:00:00,0.0658,0.066,0.06553,0.06559,27244483.0,0.06586857142857143,0.0007476224796463884
2022-01-09 11:00:00,0.06559,0.06565,0.06523,0.06532,33129919.0,0.06573904761904761,0.0007320214091870368
2022-01-09 12:00:00,0.06532,0.06571,0.06508,0.06556,21629170.0,0.06562190476190477,0.0007271632468447973
2022-01-09 13:00:00,0.06555,0.0661,0.06555,0.06593,25541096.0,0.06554,0.0007187269017569503
2022-01-09 14:00:00,0.06593,0.06601,0.0655,0.06572,26522877.0,0.06548857142857142,0.0007087875254828096
2022-01-09 15:00:00,0.06572,0.06599,0.06519,0.06521,28766688.0,0.06544095238095238,0.0007131309766502947
2022-01-09 16:00:00,0.0652,0.06574,0.0652,0.06549,33613209.0,0.06547142857142857,0.0007048866444288527
2022-01-09 17:00:00,0.06548,0.06557,0.065,0.06553,36407456.0,0.06553238095238095,0.0006984634708846216
2022-01-09 18:00:00,0.06554,0.06649,0.06536,0.06646,59568467.0,0.06563428571428571,0.000719012829413925
2022-01-09 19:00:00,0.06647,0.06669,0.06625,0.06645,44637922.0,0.06573619047619048,0.0007057265042037378
2022-01-09 20:00:00,0.06645,0.06673,0.06626,0.06634,35103404.0,0.06577666666666666,0.0006945014325749883
2022-01-09 21:00:00,0.06634,0.06721,0.06621,0.06712,64338708.0,0.0658342857142857,0.0007090489834047509
2022-01-09 22:00:00,0.06712,0.06723,0.06671,0.06677,35036848.0,0.06590238095238095,0.0007000466508616671
2022-01-09 23:00:00,0.06676,0.0669,0.06643,0.06653,24689952.0,0.06594380952380952,0.0006890920484396829
2022-01-10 00:00:00,0.06653,0.06671,0.0663,0.0664,22234413.0,0.06599523809523809,0.0006758019508949364
2022-01-10 01:00:00,0.06641,0.0665,0.06587,0.0661,39882559.0,0.06600333333333334,0.0006736209056142254
2022-01-10 02:00:00,0.06609,0.06666,0.06598,0.06618,36881831.0,0.06602809523809523,0.000673924672013548
2022-01-10 03:00:00,0.06619,0.0663,0.06594,0.06622,19171520.0,0.06602714285714285,0.0006589758781081409
2022-01-10 04:00:00,0.06622,0.06624,0.06586,0.06614,19455853.0,0.06604571428571429,0.0006456913124839433
2022-01-10 05:00:00,0.06613,0.06636,0.06601,0.06634,22337276.0,0.06605761904761905,0.0006316107737942319
2022-01-10 06:00:00,0.06634,0.06677,0.06629,0.06667,35636322.0,0.06609857142857144,0.0006243912131373635
2022-01-10 07:00:00,0.06668,0.06688,0.06658,0.06664,19076227.0,0.06614857142857143,0.0006089440125117745
2022-01-10 08:00:00,0.06664,0.06666,0.06627,0.06635,24462225.0,0.06619761904761905,0.0005985181071540711
2022-01-10 09:00:00,0.06635,0.06673,0.06635,0.06669,18162817.0,0.06625142857142856,0.0005881124830038769
2022-01-10 10:00:00,0.0667,0.06676,0.06617,0.06632,29015405.0,0.06627000000000001,0.0005882023647655968
2022-01-10 11:00:00,0.06632,0.06641,0.06599,0.06603,33081681.0,0.06628476190476192,0.0005801927283481875
2022-01-10 12:00:00,0.06602,0.06623,0.06587,0.06591,29667002.0,0.06631809523809525,0.0005697073603316071
2022-01-10 13:00:00,0.06589,0.06609,0.06542,0.06582,75495423.0,0.06633380952380953,0.0005744832003158158
2022-01-10 14:00:00,0.06582,0.06597,0.06482,0.06483,68288477.0,0.06630047619047619,0.0006018887622055388
2022-01-10 15:00:00,0.06483,0.06518,0.06406,0.06414,78052261.0,0.06619,0.0006265607259100367
2022-01-10 16:00:00,0.06414,0.06421,0.06104,0.06295,460487374.0,0.06602333333333334,0.0007476768818190829
2022-01-10 17:00:00,0.06295,0.06304,0.06217,0.06288,116831867.0,0.06585857142857143,0.0007535017922086502
2022-01-10 18:00:00,0.06288,0.06512,0.06247,0.06435,230899552.0,0.06572666666666667,0.0008438112306749049
2022-01-10 19:00:00,0.06435,0.06455,0.06182,0.06261,269134997.0,0.06552857142857144,0.0009336297434999093
2022-01-10 20:00:00,0.06261,0.06313,0.0625,0.06289,54726266.0,0.06535523809523809,0.0009191711842856281
2022-01-10 21:00:00,0.06289,0.06321,0.0624,0.06259,54312239.0,0.06517380952380954,0.0009139725564625032
2022-01-10 22:00:00,0.06259,0.0634,0.06226,0.06326,51799542.0,0.06503857142857143,0.0009247357680595267
2022-01-10 23:00:00,0.06327,0.06342,0.06294,0.06323,40464046.0,0.06489809523809524,0.0009035578743424068
2022-01-11 00:00:00,0.06327,0.06343,0.06299,0.06304,21253088.0,0.06474666666666666,0.000881483689849911
2022-01-11 01:00:00,0.06305,0.06354,0.06289,0.06339,23856231.0,0.06461571428571429,0.0008704606569999151
2022-01-11 02:00:00,0.0634,0.0635,0.06289,0.06296,48627520.0,0.0644547619047619,0.0008580577685713476
2022-01-11 03:00:00,0.06297,0.06358,0.0629,0.06352,36211637.0,0.0643047619047619,0.0008495788272108073
2022-01-11 04:00:00,0.06353,0.06424,0.06349,0.06395,40404095.0,0.06417666666666666,0.000844836978296007
2022-01-11 05:00:00,0.06395,0.0642,0.06389,0.06418,37053085.0,0.06407333333333333,0.0008193685507581013
2022-01-11 06:00:00,0.06419,0.06431,0.06383,0.06412,38993170.0,0.06395095238095239,0.0008032081435791445
2022-01-11 07:00:00,0.06411,0.06414,0.06374,0.06378,28057230.0,0.06383,0.0007840077557896613
2022-01-11 08:00:00,0.06379,0.06424,0.06377,0.06405,32416303.0,0.06373571428571428,0.0007690550055139638
2022-01-11 09:00:00,0.06406,0.06435,0.06393,0.06427,22655404.0,0.06365761904761905,0.0007524333385847275
2022-01-11 10:00:00,0.06427,0.06465,0.06384,0.0639,55223911.0,0.06356619047619048,0.0007551746081759312
2022-01-11 11:00:00,0.06391,0.06404,0.06365,0.0637,24291917.0,0.06351238095238096,0.0007377853411199346
2022-01-11 12:00:00,0.06369,0.06392,0.06332,0.0634,35429594.0,0.06347714285714286,0.000731224134399938
2022-01-11 13:00:00,0.06339,0.06402,0.06335,0.06393,34582744.0,0.06352380952380951,0.0007283086994285118
2022-01-11 14:00:00,0.06391,0.06427,0.06379,0.06406,34975453.0,0.06358,0.0007164844756462015
2022-01-11 15:00:00,0.06406,0.06448,0.06385,0.06401,49208097.0,0.06356380952380952,0.0007123661672820964
2022-01-11 16:00:00,0.06401,0.06416,0.06338,0.06384,122065018.0,0.06362238095238094,0.0007155868259829484
2022-01-11 17:00:00,0.06386,0.06446,0.06363,0.06417,65718469.0,0.06368333333333334,0.0007210350723647127
2022-01-11 18:00:00,0.06416,0.06539,0.06409,0.0652,140138593.0,0.06380761904761904,0.0007486048308235364
2022-01-11 19:00:00,0.0652,0.06567,0.06398,0.06465,182503870.0,0.06387380952380953,0.0007934331722128923
2022-01-11 20:00:00,0.06464,0.06497,0.06435,0.06478,40599983.0,0.06394761904761904,0.000785174449726564
2022-01-11 21:00:00,0.06479,0.06496,0.06452,0.06481,35141267.0,0.06403190476190475,0.0007687375711681566
2022-01-11 22:00:00,0.06482,0.06499,0.06475,0.06491,26478434.0,0.06410428571428571,0.0007435595915887208
2022-01-11 23:00:00,0.06488,0.06491,0.06464,0.06481,14386420.0,0.06419238095238095,0.0007210091348464004
2022-01-12 00:00:00,0.06482,0.06494,0.06462,0.06486,18879937.0,0.06425619047619048,0.0007019134617584766
2022-01-12 01:00:00,0.06486,0.06497,0.06471,0.06486,19593065.0,0.0642995238095238,0.0006808699635795013
2022-01-12 02:00:00,0.06489,0.06541,0.06489,0.06526,45518501.0,0.06435095238095238,0.0006746380605519058
2022-01-12 03:00:00,0.06527,0.06552,0.06519,0.06545,22214620.0,0.06441428571428572,0.0006582267243351482
2022-01-12 04:00:00,0.06545,0.06571,0.06526,0.06552,20757404.0,0.06449714285714285,0.0006483111660334748
2022-01-12 05:00:00,0.06552,0.06588,0.06544,0.06569,19943386.0,0.06457523809523809,0.0006383915866985471
2022-01-12 06:00:00,0.06569,0.06582,0.06541,0.06557,23698865.0,0.06463714285714287,0.0006275157968557596
2022-01-12 07:00:00,0.06558,0.06561,0.06544,0.06552,14127458.0,0.06471428571428572,0.0006057293303388189
2022-01-12 08:00:00,0.06551,0.06584,0.06547,0.06571,20088517.0,0.06481,0.0005945041241322082
2022-01-12 09:00:00,0.06571,0.06572,0.06533,0.06561,23732438.0,0.0649152380952381,0.000584765832506865
2022-01-12 10:00:00,0.06561,0.06603,0.06555,0.06595,27215078.0,0.06501142857142857,0.0005797769833398717
2022-01-12 11:00:00,0.06596,0.06647,0.06591,0.06636,66397726.0,0.06512095238095238,0.0005788352222284495
2022-01-12 12:00:00,0.06634,0.06668,0.06629,0.06637,35219903.0,0.06523333333333332,0.0005698430687889996
2022-01-12 13:00:00,0.06637,0.06775,0.06634,0.06709,143055971.0,0.06538809523809525,0.0006098505417038095
2022-01-12 14:00:00,0.06707,0.06731,0.06683,0.06712,55116323.0,0.06552857142857144,0.0006036671825750564
2022-01-12 15:00:00,0.06713,0.06801,0.06711,0.0679,73166759.0,0.06565714285714286,0.0006177782691191012
2022-01-12 16:00:00,0.0679,0.06816,0.06745,0.06812,89315410.0,0.06582238095238095,0.0006221697801134298
2022-01-12 17:00:00,0.06812,0.06823,0.06724,0.06775,63882011.0,0.06596380952380952,0.0006396855048699334
2022-01-12 18:00:00,0.06774,0.06802,0.06738,0.06784,69833033.0,0.06610809523809523,0.0006397004808285081
2022-01-12 19:00:00,0.06784,0.06796,0.06763,0.06783,35779067.0,0.06624714285714287,0.000624952838884294
2022-01-12 20:00:00,0.06783,0.06803,0.06764,0.06774,27581889.0,0.06638666666666666,0.0006137646084612317
2022-01-12 21:00:00,0.06775,0.068,0.06753,0.06794,19174614.0,0.06653333333333333,0.0006069186747249825
2022-01-12 22:00:00,0.06795,0.06814,0.06782,0.0679,17777024.0,0.06667809523809523,0.0005932558806904596
2022-01-12 23:00:00,0.06791,0.06833,0.06773,0.06774,22779723.0,0.06679619047619048,0.0005935770292290093
2022-01-13 00:00:00,0.06775,0.06802,0.06772,0.06789,20560744.0,0.06691238095238096,0.0005795971706942944
2022-01-13 01:00:00,0.06789,0.0682,0.06787,0.06804,15491310.0,0.06703238095238095,0.0005677115911374231
2022-01-13 02:00:00,0.06802,0.06839,0.06783,0.06791,52919830.0,0.06713809523809525,0.0005673443725118318
2022-01-13 03:00:00,0.06791,0.06797,0.06753,0.06767,34919769.0,0.06723809523809524,0.0005612803547731729
2022-01-13 04:00:00,0.06767,0.06777,0.06737,0.06743,36112575.0,0.06732904761904762,0.0005536003378792123
2022-01-13 05:00:00,0.06743,0.06753,0.06714,0.06741,32032184.0,0.06741,0.0005458098455992498
2022-01-13 06:00:00,0.06741,0.06777,0.06736,0.06768,16848885.0,0.06750857142857143,0.0005393427100945233
2022-01-13 07:00:00,0.06768,0.06795,0.06761,0.06787,14225664.0,0.0676,0.0005298502000900218
2022-01-13 08:00:00,0.06787,0.06836,0.06786,0.06834,30462480.0,0.06769428571428572,0.000528428761990497
2022-01-13 09:00:00,0.06834,0.06836,0.06812,0.06824,20338459.0,0.06778333333333333,0.0005146940590385687
2022-01-13 10:00:00,0.06825,0.06856,0.06821,0.06833,38930690.0,0.06784238095238096,0.0005068514847986364
2022-01-13 11:00:00,0.06833,0.06835,0.06801,0.06815,30985358.0,0.06789142857142856,0.0004989061759987009
2022-01-13 12:00:00,0.06818,0.06832,0.06801,0.06804,22339679.0,0.06789809523809524,0.0004899106438082867
2022-01-13 13:00:00,0.06805,0.06811,0.06731,0.06744,65522081.0,0.0678657142857143,0.0005046768036269402
2022-01-13 14:00:00,0.06743,0.06787,0.06737,0.06785,27690234.0,0.06787047619047619,0.0005044540986923239
2022-01-13 15:00:00,0.06784,0.06795,0.06761,0.0679,41738794.0,0.06787333333333334,0.0004966229511355462
2022-01-13 16:00:00,0.06789,0.06844,0.06775,0.06814,63476779.0,0.06788809523809523,0.0005058313820338533
2022-01-13 17:00:00,0.06815,0.06821,0.06622,0.06677,145684722.0,0.06784190476190476,0.0005765060781274796
2022-01-13 18:00:00,0.06676,0.06734,0.06662,0.06699,66427655.0,0.06779666666666666,0.000583339122026171
2022-01-13 19:00:00,0.067,0.06701,0.06613,0.06642,76630208.0,0.06772619047619048,0.0005974658305011154
2022-01-13 20:00:00,0.06642,0.06692,0.06628,0.06673,38119794.0,0.06767809523809523,0.0005994912671439189
2022-01-13 21:00:00,0.06673,0.06706,0.06631,0.06671,52569979.0,0.06762190476190476,0.0006066583496608752
2022-01-13 22:00:00,0.0667,0.0667,0.06584,0.06638,109662572.0,0.06754285714285715,0.000619198428248453
2022-01-13 23:00:00,0.06638,0.06667,0.06628,0.06657,31389469.0,0.06747904761904762,0.0006082842173794784
2022-01-14 00:00:00,0.06657,0.06674,0.06611,0.06641,48173015.0,0.06741904761904761,0.0006093183022661695
2022-01-14 01:00:00,0.06641,0.06652,0.066,0.06614,27968982.0,0.06735761904761904,0.000605065049777304
2022-01-14 02:00:00,0.06613,0.06662,0.0658,0.06661,42230414.0,0.06731952380952382,0.0006153000474069562
2022-01-14 03:00:00,0.06661,0.06681,0.06641,0.06675,28689473.0,0.0672752380952381,0.000605047664197101
2022-01-14 04:00:00,0.06675,0.06699,0.06644,0.06693,43152075.0,0.0672304761904762,0.0006024263468543817
2022-01-14 05:00:00,0.06692,0.06699,0.06676,0.0668,18911823.0,0.06715714285714286,0.0005846917589089346
2022-01-14 06:00:00,0.0668,0.06713,0.06676,0.06705,29852888.0,0.06710047619047618,0.0005744683418180328
2022-01-14 07:00:00,0.06704,0.06768,0.067,0.06764,55968937.0,0.06706761904761904,0.000579493658874317
2022-01-14 08:00:00,0.06764,0.06788,0.06751,0.06767,39703577.0,0.0670447619047619,0.0005695177703564922
2022-01-14 09:00:00,0.06767,0.06791,0.06731,0.06744,41343978.0,0.06701619047619048,0.0005709693051014214
2022-01-14 10:00:00,0.06744,0.06746,0.06672,0.06729,49853391.0,0.06700904761904762,0.0005790183858108778
2022-01-14 11:00:00,0.0673,0.06796,0.06727,0.06761,77457109.0,0.06699761904761904,0.0005843032245817888
2022-01-14 12:00:00,0.06761,0.06782,0.06641,0.0665,74861637.0,0.06693095238095237,0.0006236221186493231
2022-01-14 13:00:00,0.06649,0.06649,0.06585,0.06641,136341190.0,0.06684857142857144,0.0006248782082374504
2022-01-14 14:00:00,0.06641,0.06665,0.06592,0.06637,47911074.0,0.06682952380952381,0.0006298840078451907
2022-01-14 15:00:00,0.06637,0.06695,0.06627,0.06659,49529395.0,0.06681047619047618,0.0006322704836620863
2022-01-14 16:00:00,0.06659,0.06744,0.06646,0.0673,57458904.0,0.06685238095238095,0.0006488290320591295
2022-01-14 17:00:00,0.06729,0.06756,0.06706,0.06732,69134376.0,0.06688047619047618,0.0006417419352944091
2022-01-14 18:00:00,0.06732,0.06767,0.06708,0.06767,29688869.0,0.06692619047619049,0.0006392780336137227
2022-01-14 19:00:00,0.06768,0.06783,0.06737,0.06748,28811867.0,0.06697857142857143,0.0006307409843940217
2022-01-14 20:00:00,0.06748,0.06763,0.06737,0.0676,19717865.0,0.06702761904761904,0.00061308665180383
2022-01-14 21:00:00,0.06759,0.06802,0.0675,0.0677,35604495.0,0.06708904761904762,0.0006086539540988854
2022-01-14 22:00:00,0.06772,0.06852,0.06765,0.06834,104774731.0,0.06719380952380953,0.0006210990039037002
2022-01-14 23:00:00,0.06834,0.06834,0.06778,0.06794,65123042.0,0.06725714285714285,0.0006181895275273331
2022-01-15 00:00:00,0.06794,0.06806,0.06773,0.06784,16473427.0,0.06730904761904763,0.0006044662166926981
2022-01-15 01:00:00,0.06783,0.06787,0.0673,0.06758,25230249.0,0.06734,0.0006028249682787602
2022-01-15 02:00:00,0.06758,0.0679,0.06731,0.06776,40687268.0,0.06738571428571427,0.0006022142555035815
2022-01-15 03:00:00,0.06777,0.06794,0.06745,0.06766,18662833.0,0.06741476190476191,0.0005968707195272207
2022-01-15 04:00:00,0.06767,0.0679,0.06761,0.06787,17881617.0,0.06742571428571428,0.0005822578281211624
2022-01-15 05:00:00,0.06786,0.06799,0.06783,0.06786,10957997.0,0.06743476190476191,0.0005621503124963449
2022-01-15 06:00:00,0.06786,0.06796,0.06769,0.06789,27319978.0,0.06745619047619048,0.0005482383928536621
2022-01-15 07:00:00,0.06789,0.06793,0.06763,0.0678,16502626.0,0.06748047619047619,0.0005364175170034882
2022-01-15 08:00:00,0.0678,0.06806,0.06766,0.06804,17722221.0,0.06750095238095238,0.0005299214447652267
2022-01-15 09:00:00,0.06804,0.06837,0.06798,0.06836,44377128.0,0.06758952380952381,0.0005232585188240256
2022-01-15 10:00:00,0.06837,0.06843,0.0681,0.06828,33622304.0,0.06767857142857142,0.0005140557322133582
2022-01-15 11:00:00,0.06829,0.0684,0.06802,0.06828,25295368.0,0.06776952380952381,0.0005076721259174843
2022-01-15 12:00:00,0.06827,0.06837,0.06816,0.06816,22484007.0,0.06784428571428572,0.0004934972627785565
2022-01-15 13:00:00,0.06817,0.06825,0.06774,0.06793,46071581.0,0.0678742857142857,0.0004942831074081495
2022-01-15 14:00:00,0.06793,0.06797,0.0669,0.0673,76731185.0,0.06787333333333334,0.0005216981975315711
2022-01-15 15:00:00,0.0673,0.06756,0.06717,0.06746,58431123.0,0.06786333333333333,0.0005154268547919725
2022-01-15 16:00:00,0.06746,0.06807,0.06727,0.06796,51793843.0,0.06788619047619047,0.0005289779569447362
2022-01-15 17:00:00,0.06795,0.06867,0.06781,0.06866,59524131.0,0.06793666666666667,0.0005447409113759392
2022-01-15 18:00:00,0.06866,0.06905,0.0685,0.06878,86041463.0,0.06798809523809524,0.0005449913441675609
2022-01-15 19:00:00,0.06877,0.06887,0.06863,0.06868,31722742.0,0.06800428571428571,0.0005304679468262486
2022-01-15 20:00:00,0.06869,0.069,0.06855,0.06895,24979598.0,0.06805238095238095,0.0005266361398345227
2022-01-15 21:00:00,0.06896,0.06907,0.06881,0.06905,19600208.0,0.06811,0.000513939180794784
2022-01-15 22:00:00,0.06905,0.06931,0.06881,0.06888,42788851.0,0.06817190476190477,0.0005132754102807468
2022-01-15 23:00:00,0.06888,0.06896,0.06856,0.06859,18982095.0,0.06821142857142858,0.0005078813431245206
2022-01-16 00:00:00,0.0686,0.06879,0.06856,0.06866,17836222.0,0.06825904761904762,0.0004946488982138295
2022-01-16 01:00:00,0.06865,0.0688,0.06836,0.06838,23888721.0,0.06828333333333333,0.0004920465697274565
2022-01-16 02:00:00,0.06836,0.06862,0.06822,0.06852,16843295.0,0.0683147619047619,0.00048766339974043465
2022-01-16 03:00:00,0.06852,0.06889,0.06849,0.06869,20438499.0,0.06835285714285713,0.00048348895213374784
2022-01-16 04:00:00,0.0687,0.06925,0.06861,0.06907,47698121.0,0.06841333333333333,0.000490941859174998
2022-01-16 05:00:00,0.06906,0.06961,0.06882,0.06933,62022039.0,0.0684747619047619,0.0005051827230238076
2022-01-16 06:00:00,0.06934,0.06945,0.06908,0.06937,36883781.0,0.06852285714285714,0.0004987454504988641
2022-01-16 07:00:00,0.06938,0.0696,0.06927,0.06927,26969471.0,0.06857,0.0004907099528560609
2022-01-16 08:00:00,0.06926,0.06988,0.06922,0.06984,39291016.0,0.06864428571428571,0.0004987713836724386
2022-01-16 09:00:00,0.06983,0.07035,0.06982,0.06987,63767651.0,0.06872571428571429,0.0005002584606404179
2022-01-16 10:00:00,0.06988,0.07019,0.06952,0.06957,48453669.0,0.06880380952380952,0.0005083413910861125
2022-01-16 11:00:00,0.06957,0.07027,0.06953,0.06991,58869444.0,0.06892809523809523,0.0005193727534153455
2022-01-16 12:00:00,0.06992,0.07015,0.06956,0.06958,36360821.0,0.06902904761904761,0.0005227359556336627
2022-01-16 13:00:00,0.06957,0.06991,0.06938,0.06973,48958299.0,0.06911333333333333,0.0005230818625082503
2022-01-16 14:00:00,0.06973,0.07,0.06973,0.06982,24339824.0,0.06916857142857143,0.000511030345245953
2022-01-16 15:00:00,0.06982,0.06985,0.06894,0.06979,64056771.0,0.06921666666666666,0.0005300289002342407
2022-01-16 16:00:00,0.06978,0.07004,0.06949,0.06963,55303755.0,0.06926190476190477,0.0005309799049849915
2022-01-16 17:00:00,0.06962,0.06964,0.06915,0.06942,37837971.0,0.06928428571428571,0.0005290284809380866
2022-01-16 18:00:00,0.06942,0.06998,0.06932,0.06987,45394809.0,0.06932333333333333,0.0005352652199410346
2022-01-16 19:00:00,0.06988,0.06999,0.06949,0.06951,23464606.0,0.06935333333333332,0.0005335859237533663
2022-01-16 20:00:00,0.06951,0.06974,0.06943,0.06961,18807605.0,0.06940190476190476,0.0005229389750032056
2022-01-16 21:00:00,0.06961,0.06966,0.06923,0.06931,24659919.0,0.06943285714285714,0.0005185133095268624
2022-01-16 22:00:00,0.06929,0.06956,0.0691,0.06942,16831990.0,0.06948238095238095,0.0005157269614541548
2022-01-16 23:00:00,0.06942,0.06954,0.0691,0.0694,19222272.0,0.06952428571428572,0.0005121209156706241
2022-01-17 00:00:00,0.06941,0.06975,0.06935,0.06967,18065256.0,0.06957095238095239,0.0005067818244482139
2022-01-17 01:00:00,0.06966,0.06986,0.06944,0.06984,24477295.0,0.06960761904761904,0.0005026493566173467
2022-01-17 02:00:00,0.06984,0.07032,0.06968,0.07004,44675216.0,0.06964142857142856,0.0005091898634450915
2022-01-17 03:00:00,0.07004,0.07108,0.06996,0.07091,99601410.0,0.0697147619047619,0.0005382760604238972
2022-01-17 04:00:00,0.07091,0.07117,0.0704,0.07093,69464145.0,0.06979380952380951,0.0005493105337370446
2022-01-17 05:00:00,0.07093,0.07108,0.07008,0.07009,51480921.0,0.06980571428571429,0.0005707719368924234
2022-01-17 06:00:00,0.0701,0.07013,0.06922,0.06928,95929118.0,0.06977761904761903,0.0005869256541832602
2022-01-17 07:00:00,0.06928,0.0694,0.06881,0.06937,81243191.0,0.06976809523809524,0.0005870720516031053
2022-01-17 08:00:00,0.06937,0.06985,0.06937,0.06973,35646401.0,0.06975952380952381,0.0005819733824791476
2022-01-17 09:00:00,0.06973,0.07039,0.06964,0.07023,47919192.0,0.06979047619047618,0.0005899746499801406
2022-01-17 10:00:00,0.07024,0.07195,0.07006,0.07177,201784552.0,0.06988761904761905,0.0006518806190287054
2022-01-17 11:00:00,0.07177,0.07183,0.07117,0.07161,77570260.0,0.06997285714285714,0.0006522672562178151
2022-01-17 12:00:00,0.07162,0.0724,0.07133,0.07223,103377951.0,0.07008904761904762,0.0006721592916360145
2022-01-17 13:00:00,0.07223,0.07234,0.07142,0.07148,88014273.0,0.07017714285714285,0.0006839612301295378
2022-01-17 14:00:00,0.07147,0.07151,0.07042,0.0711,113077474.0,0.07025714285714285,0.0007032964096471792
2022-01-17 15:00:00,0.07109,0.07129,0.07072,0.07092,61439673.0,0.07030714285714286,0.0006969489615687421
2022-01-17 16:00:00,0.07092,0.07149,0.07087,0.07128,69463488.0,0.07039142857142858,0.0006932847253035638
2022-01-17 17:00:00,0.07128,0.07132,0.07041,0.07064,66746778.0,0.07044047619047619,0.0007036045002891081
2022-01-17 18:00:00,0.07063,0.07087,0.06974,0.07028,120756098.0,0.07048666666666666,0.000723909047894389
2022-01-17 19:00:00,0.07028,0.07039,0.06964,0.07003,77058427.0,0.07051571428571429,0.0007251514741851324
2022-01-17 20:00:00,0.07002,0.07044,0.06956,0.0704,67119410.0,0.07056333333333334,0.0007325252135096502
2022-01-17 21:00:00,0.0704,0.07087,0.07019,0.07071,56593989.0,0.07061285714285714,0.0007300240128663336
2022-01-17 22:00:00,0.07072,0.07095,0.07035,0.07058,55621875.0,0.07064809523809523,0.0007238323932060321
2022-01-17 23:00:00,0.07059,0.07076,0.0696,0.07001,86535458.0,0.07064666666666668,0.0007446022792438405
2022-01-18 00:00:00,0.07001,0.07083,0.06961,0.07035,56798144.0,0.07062,0.0007672402659465147
2022-01-18 01:00:00,0.07035,0.07088,0.07027,0.07081,55931953.0,0.07061428571428571,0.000759752634234776
2022-01-18 02:00:00,0.07082,0.07135,0.06991,0.06998,99156869.0,0.07060904761904761,0.0007921453659378817
2022-01-18 03:00:00,0.06999,0.07054,0.06974,0.06996,84566862.0,0.07064142857142858,0.0007925193961313163
2022-01-18 04:00:00,0.06998,0.0701,0.0697,0.07008,32350918.0,0.07067523809523808,0.0007738279963155392
2022-01-18 05:00:00,0.07007,0.07012,0.0692,0.06953,70088187.0,0.07066571428571429,0.0007807885679195615
2022-01-18 06:00:00,0.06953,0.06974,0.06852,0.06877,112949437.0,0.07059619047619048,0.0008017033980186298
2022-01-18 07:00:00,0.06876,0.06891,0.06858,0.06873,48423231.0,0.07045142857142857,0.0007792413314463139
2022-01-18 08:00:00,0.06874,0.06943,0.06872,0.06938,36554105.0,0.0703452380952381,0.0007759441251869658
2022-01-18 09:00:00,0.06938,0.06948,0.06876,0.06897,44820804.0,0.07019,0.0007732801192256816
2022-01-18 10:00:00,0.06897,0.06902,0.06779,0.06787,93020347.0,0.07001809523809524,0.0007950286849768394
2022-01-18 11:00:00,0.06787,0.06826,0.06739,0.06804,111552724.0,0.06987238095238095,0.0007985987475969897
2022-01-18 12:00:00,0.06804,0.06849,0.06786,0.06815,40343675.0,0.06974047619047619,0.0007905702358066565
2022-01-18 13:00:00,0.06815,0.06853,0.06799,0.06849,27060625.0,0.06960761904761904,0.0007786383198158633
2022-01-18 14:00:00,0.06849,0.06868,0.06806,0.06864,59938547.0,0.06951238095238095,0.0007710841141103464
2022-01-18 15:00:00,0.06864,0.06872,0.06777,0.06845,78485760.0,0.0694252380952381,0.0007796039182003301
2022-01-18 16:00:00,0.06847,0.06854,0.06789,0.06806,69016179.0,0.06933142857142857,0.0007734323030479334
2022-01-18 17:00:00,0.06806,0.06853,0.06787,0.06811,58183766.0,0.06922238095238095,0.0007680307648075553
2022-01-18 18:00:00,0.0681,0.0682,0.06738,0.06794,65147670.0,0.06909047619047619,0.0007705054902929098
2022-01-18 19:00:00,0.06796,0.06811,0.06747,0.06752,45450959.0,0.06894476190476191,0.0007642909431361047
2022-01-18 20:00:00,0.06753,0.06797,0.06734,0.06779,56054663.0,0.06883904761904762,0.0007578961363201
2022-01-18 21:00:00,0.06779,0.06817,0.06774,0.06805,29770896.0,0.06872952380952381,0.0007422820345905715
2022-01-18 22:00:00,0.06804,0.06819,0.06764,0.06808,26393606.0,0.0685995238095238,0.0007331257472291155
2022-01-18 23:00:00,0.06808,0.06886,0.06801,0.06876,47450127.0,0.06854142857142857,0.0007386911878372531
2022-01-19 00:00:00,0.06875,0.06908,0.06857,0.06887,29504736.0,0.0684895238095238,0.0007278011312735743
2022-01-19 01:00:00,0.06887,0.06898,0.06834,0.0684,38570974.0,0.06840952380952381,0.0007236201250224517
2022-01-19 02:00:00,0.06841,0.06855,0.06772,0.0681,106703896.0,0.06834142857142858,0.0007286858333547158
2022-01-19 03:00:00,0.0681,0.06825,0.06776,0.06821,41204874.0,0.0683147619047619,0.0007173198412902057
2022-01-19 04:00:00,0.0682,0.06846,0.06803,0.06829,39262913.0,0.06829380952380952,0.0007036379440859102
2022-01-19 05:00:00,0.06829,0.06837,0.06708,0.06752,109547293.0,0.0682052380952381,0.0007315599467484858
2022-01-19 06:00:00,0.06753,0.0682,0.06744,0.06802,53636037.0,0.06816000000000001,0.0007329142349985577
2022-01-19 07:00:00,0.06801,0.0682,0.06786,0.06808,31590951.0,0.06817,0.0007142040333319594
2022-01-19 08:00:00,0.06808,0.06813,0.0678,0.06788,28173328.0,0.06816238095238096,0.0006959086031732946
2022-01-19 09:00:00,0.06787,0.06788,0.06641,0.06679,122847252.0,0.06809761904761905,0.0007327700982602805
2022-01-19 10:00:00,0.06678,0.06683,0.06606,0.06648,73065556.0,0.06800190476190476,0.0007345429507240771
2022-01-19 11:00:00,0.06648,0.06716,0.06637,0.06705,60721366.0,0.06792619047619047,0.0007371837625943591
2022-01-19 12:00:00,0.06704,0.06736,0.0668,0.06735,50543235.0,0.06787380952380953,0.0007287464405660565
2022-01-19 13:00:00,0.06735,0.06829,0.06732,0.06824,77915726.0,0.06788238095238094,0.0007402347053010061
2022-01-19 14:00:00,0.06823,0.06879,0.06811,0.06852,87086400.0,0.06790190476190476,0.0007373663860009581
2022-01-19 15:00:00,0.06853,0.06906,0.06853,0.06894,61540794.0,0.06794952380952382,0.0007279679866675792
2022-01-19 16:00:00,0.06894,0.0696,0.0689,0.06939,97547366.0,0.06803857142857142,0.0007266361777786464
2022-01-19 17:00:00,0.0694,0.06955,0.06831,0.06853,106865160.0,0.06807380952380952,0.0007510820740749016
2022-01-19 18:00:00,0.06852,0.06908,0.0682,0.06904,79234226.0,0.0681209523809524,0.000757221022928478
2022-01-19 19:00:00,0.06904,0.06959,0.06894,0.06957,85126624.0,0.06819190476190476,0.0007521152599318837
2022-01-19 20:00:00,0.06956,0.0696,0.06903,0.06909,50830009.0,0.06820761904761904,0.0007434431046970321
2022-01-19 21:00:00,0.06909,0.06916,0.06868,0.06873,42656973.0,0.06820095238095239,0.0007308981949495541
2022-01-19 22:00:00,0.06871,0.06922,0.06854,0.06884,61985851.0,0.06822190476190476,0.0007284744713805277
2022-01-19 23:00:00,0.06883,0.06921,0.06883,0.06887,40459675.0,0.06825857142857143,0.0007118804489338355
2022-01-20 00:00:00,0.06887,0.0692,0.06858,0.06913,37536644.0,0.06830238095238095,0.0007075051894607956
2022-01-20 01:00:00,0.06914,0.06949,0.0689,0.06911,58897348.0,0.06834142857142858,0.0007019097042483764
2022-01-20 02:00:00,0.06911,0.0699,0.06908,0.06915,93224671.0,0.06841904761904763,0.0007075330516651204
2022-01-20 03:00:00,0.06914,0.06951,0.06853,0.06927,115325214.0,0.06847857142857143,0.000720507668252496
2022-01-20 04:00:00,0.06927,0.06938,0.0687,0.0687,58492070.0,0.06850809523809523,0.0007185787316690438
2022-01-20 05:00:00,0.0687,0.06874,0.06801,0.06834,71773412.0,0.06853000000000001,0.0007191226015895653
2022-01-20 06:00:00,0.06835,0.06869,0.06832,0.06853,48265857.0,0.06861285714285714,0.0007024977157995858
2022-01-20 07:00:00,0.06853,0.0686,0.0683,0.06845,30749069.0,0.06870666666666667,0.0006833311579043671
2022-01-20 08:00:00,0.06846,0.0688,0.06843,0.06868,33081065.0,0.06878428571428571,0.0006684106265755876
2022-01-20 09:00:00,0.06869,0.06892,0.06857,0.06881,28855492.0,0.06885380952380953,0.0006532482157862734
2022-01-20 10:00:00,0.06881,0.06885,0.06852,0.0687,30409488.0,0.06887571428571429,0.0006378554436059745
2022-01-20 11:00:00,0.0687,0.06918,0.06863,0.06909,40786073.0,0.06890285714285714,0.0006336718510533095
2022-01-20 12:00:00,0.0691,0.06953,0.06902,0.06948,43829135.0,0.06892857142857142,0.000627782715288866
2022-01-20 13:00:00,0.06947,0.06983,0.06945,0.06968,50782779.0,0.06894238095238096,0.0006159835383703488
2022-01-20 14:00:00,0.06967,0.07035,0.0695,0.07017,106526861.0,0.06902047619047619,0.0006271271794003317
2022-01-20 15:00:00,0.07017,0.07144,0.07015,0.07119,171136214.0,0.06912285714285714,0.0006586925518098397
2022-01-20 16:00:00,0.07119,0.0719,0.07109,0.07157,154294903.0,0.06921809523809525,0.0006658976683903238
2022-01-20 17:00:00,0.07157,0.072,0.07148,0.07169,112896103.0,0.06934190476190476,0.0006589501603717367
2022-01-20 18:00:00,0.07171,0.07192,0.07128,0.07141,66218292.0,0.06946952380952381,0.0006580477717826065
2022-01-20 19:00:00,0.0714,0.07155,0.07118,0.07129,36714436.0,0.06958619047619047,0.0006443312112215304
2022-01-20 20:00:00,0.0713,0.07138,0.07092,0.07092,49883838.0,0.06968380952380952,0.0006355535344966958
2022-01-20 21:00:00,0.07093,0.07143,0.07075,0.07095,56028995.0,0.06977047619047619,0.000637670032853996
2022-01-20 22:00:00,0.07094,0.07109,0.07061,0.07088,32064614.0,0.0698547619047619,0.0006301619360514245
2022-01-20 23:00:00,0.07087,0.07093,0.06896,0.06898,108329820.0,0.06984666666666667,0.000693963748620405
2022-01-21 00:00:00,0.06897,0.06958,0.06825,0.06843,159012363.0,0.06980666666666667,0.0007242511891622903
2022-01-21 01:00:00,0.06842,0.06847,0.06733,0.06763,249950811.0,0.0697557142857143,0.0007440487515831338
2022-01-21 02:00:00,0.06762,0.06858,0.06695,0.06843,259695033.0,0.06976,0.0007862369062696516
2022-01-21 03:00:00,0.06843,0.06845,0.06708,0.06725,118084778.0,0.06969904761904762,0.0008140351488282394
2022-01-21 04:00:00,0.06725,0.06814,0.06694,0.06746,124727356.0,0.06965190476190476,0.0008324144274554664
2022-01-21 05:00:00,0.06746,0.06775,0.06574,0.06585,204374185.0,0.06951714285714286,0.0008884899309099679
2022-01-21 06:00:00,0.06585,0.06662,0.06577,0.06634,80613162.0,0.06939952380952381,0.0008866570770571125
2022-01-21 07:00:00,0.06634,0.06709,0.0661,0.06687,64203219.0,0.06931238095238094,0.000891578168625821
2022-01-21 08:00:00,0.06686,0.06693,0.06607,0.06608,52894122.0,0.06916904761904762,0.0008900744463103056
2022-01-21 09:00:00,0.06608,0.0669,0.06571,0.06662,65304150.0,0.06903285714285715,0.0009043566155336242
2022-01-21 10:00:00,0.06661,0.06707,0.06651,0.06702,50142974.0,0.06890619047619048,0.0008879586814605947
2022-01-21 11:00:00,0.06703,0.06707,0.06653,0.06665,45269849.0,0.06873857142857143,0.0008713892204386615
2022-01-21 12:00:00,0.06664,0.06683,0.06594,0.06618,49909643.0,0.0685,0.0008722754480368207
2022-01-21 13:00:00,0.06618,0.06636,0.06597,0.06621,40258743.0,0.06824476190476189,0.0008493099505112578
2022-01-21 14:00:00,0.0662,0.06627,0.06403,0.06471,218428247.0,0.06791238095238096,0.0009155332862011976
2022-01-21 15:00:00,0.0647,0.06528,0.06437,0.06488,87701978.0,0.06760142857142858,0.0009152697963820933
2022-01-21 16:00:00,0.06488,0.06514,0.06396,0.06416,93504346.0,0.06726190476190477,0.0009278759965543747
2022-01-21 17:00:00,0.06417,0.06483,0.06347,0.06455,100555996.0,0.06695857142857142,0.0009484533300517854
2022-01-21 18:00:00,0.06456,0.06485,0.06387,0.06423,60869964.0,0.06663857142857144,0.0009499555524302721
2022-01-21 19:00:00,0.06423,0.06437,0.06387,0.06402,40111182.0,0.06631190476190477,0.0009285290975526401
2022-01-21 20:00:00,0.06405,0.06445,0.06343,0.06384,64308438.0,0.06606714285714285,0.0009328848548120378
2022-01-21 21:00:00,0.06383,0.06422,0.06347,0.06352,37513563.0,0.06583333333333334,0.0009241760522019408
2022-01-21 22:00:00,0.06352,0.06397,0.0626,0.06369,139163036.0,0.06564571428571428,0.0009454057640018483
2022-01-21 23:00:00,0.0637,0.06411,0.05968,0.06102,294186558.0,0.06529285714285714,0.0011113388228589033
2022-01-22 00:00:00,0.06101,0.06155,0.05966,0.06071,163918122.0,0.06498142857142856,0.001148417926532289
2022-01-22 01:00:00,0.06071,0.06165,0.05989,0.06099,174035897.0,0.06467333333333333,0.001177540882411704
2022-01-22 02:00:00,0.06097,0.062,0.06084,0.06128,99654546.0,0.06445571428571428,0.001176705602296861
2022-01-22 03:00:00,0.06128,0.06165,0.06105,0.06143,75549186.0,0.06422190476190476,0.0011492434307589154
2022-01-22 04:00:00,0.06142,0.06145,0.06046,0.06062,68456651.0,0.06392428571428573,0.0011416604102465861
2022-01-22 05:00:00,0.06061,0.06108,0.05963,0.06039,137301586.0,0.06365333333333333,0.0011563432478538915
2022-01-22 06:00:00,0.06039,0.06055,0.05967,0.06009,55976092.0,0.06334238095238096,0.0011431840455751348
2022-01-22 07:00:00,0.06009,0.06025,0.05806,0.05846,121624383.0,0.0629347619047619,0.0011930324243572712
2022-01-22 08:00:00,0.05845,0.05889,0.05695,0.05713,179269353.0,0.06248142857142858,0.0012286023089116869
2022-01-22 09:00:00,0.05713,0.05777,0.05483,0.05508,256541142.0,0.06195285714285713,0.0013100974370587495
2022-01-22 10:00:00,0.0551,0.05699,0.05508,0.05644,179445724.0,0.06148761904761905,0.0013386642257702378
2022-01-22 11:00:00,0.05646,0.05704,0.05372,0.05393,266062387.0,0.06097428571428571,0.0014330135483526076
2022-01-22 12:00:00,0.05392,0.05682,0.0524,0.05583,488378815.0,0.06054333333333333,0.001575250998431055
2022-01-22 13:00:00,0.05582,0.05658,0.0552,0.05654,195080425.0,0.06018047619047619,0.0015659533318391002
2022-01-22 14:00:00,0.05653,0.05865,0.05637,0.05825,297310814.0,0.05988047619047619,0.0015999555541324761
2022-01-22 15:00:00,0.05824,0.05898,0.05752,0.05754,138252730.0,0.05956190476190476,0.0015932910039356913
2022-01-22 16:00:00,0.05752,0.05763,0.05634,0.05637,96691388.0,0.05919761904761905,0.001578848575176849
2022-01-22 17:00:00,0.05635,0.05658,0.05528,0.05531,120557751.0,0.05879142857142857,0.0015655700715969988
2022-01-22 18:00:00,0.05531,0.0572,0.05485,0.05624,182013067.0,0.0584447619047619,0.0016029238777114272
2022-01-22 19:00:00,0.05623,0.0566,0.05514,0.05539,97139107.0,0.05804952380952381,0.0015961179787727878
2022-01-22 20:00:00,0.0554,0.05579,0.05481,0.05495,106732832.0,0.057760476190476195,0.0015667790274026551
2022-01-22 21:00:00,0.05496,0.05598,0.0549,0.05531,94972523.0,0.05750333333333334,0.0015435990737168147
2022-01-22 22:00:00,0.05534,0.05745,0.05507,0.05703,182778905.0,0.057314761904761896,0.0015834276892541092
2022-01-22 23:00:00,0.05704,0.05762,0.05665,0.05721,70922464.0,0.05712095238095237,0.0015542168469086753
2022-01-23 00:00:00,0.05721,0.05729,0.05596,0.05625,59692546.0,0.05687428571428572,0.0015435398541987385
2022-01-23 01:00:00,0.05623,0.05687,0.05611,0.05675,50396846.0,0.05668999999999999,0.001506228432570227
2022-01-23 02:00:00,0.05677,0.05771,0.05639,0.05768,87812801.0,0.056560952380952385,0.0014973604119716444
2022-01-23 03:00:00,0.05767,0.05782,0.05726,0.05735,50035563.0,0.056430476190476184,0.0014527242018777568
2022-01-23 04:00:00,0.05736,0.05746,0.0562,0.05623,66427470.0,0.05632428571428571,0.0014435468589311968
2022-01-23 05:00:00,0.05624,0.05699,0.05623,0.05691,46561072.0,0.056313809523809516,0.0014109970085059015
2022-01-23 06:00:00,0.05691,0.05765,0.0567,0.05737,94487252.0,0.05642285714285715,0.0013890447700056203
2022-01-23 07:00:00,0.05737,0.05793,0.05672,0.05777,86510445.0,0.056486190476190475,0.0013805188285767815
2022-01-23 08:00:00,0.05776,0.05789,0.05718,0.0573,69405723.0,0.05664666666666667,0.0013485893605493155
2022-01-23 09:00:00,0.0573,0.05815,0.0572,0.05781,80845644.0,0.05674095238095238,0.0013296089148088718
2022-01-23 10:00:00,0.05778,0.0584,0.05763,0.05819,108107811.0,0.056819523809523806,0.0013029608712465447
2022-01-23 11:00:00,0.05817,0.05849,0.05793,0.05808,70408381.0,0.056811428571428575,0.0012675817821395663
2022-01-23 12:00:00,0.05807,0.05818,0.05783,0.05816,69825604.0,0.05684095238095238,0.0012238874115614918
2022-01-23 13:00:00,0.05815,0.05816,0.05751,0.05772,52523767.0,0.0569052380952381,0.0011965594395823734
2022-01-23 14:00:00,0.05771,0.0578,0.05728,0.05773,74146916.0,0.05702047619047618,0.0011643423234117842
2022-01-23 15:00:00,0.05773,0.05774,0.05743,0.05753,59166320.0,0.057081904761904764,0.0011236593556302704
2022-01-23 16:00:00,0.05753,0.05763,0.05527,0.05607,200903721.0,0.057114285714285715,0.0011825327196478767
2022-01-23 17:00:00,0.05607,0.0562,0.05575,0.05614,61235173.0,0.057170952380952385,0.001147650209188454
2022-01-23 18:00:00,0.05613,0.0566,0.05585,0.05612,79108337.0,0.05720952380952381,0.0011287144849413846
2022-01-23 19:00:00,0.05612,0.05658,0.05602,0.0563,29154891.0,0.05717476190476191,0.0011016328428013187
2022-01-23 20:00:00,0.05629,0.0565,0.05572,0.05592,58487535.0,0.057113333333333335,0.001086316993144113
2022-01-23 21:00:00,0.05593,0.05626,0.05543,0.05569,80441730.0,0.05708666666666667,0.0010741114220420124
2022-01-23 22:00:00,0.05569,0.05638,0.05547,0.05626,69802990.0,0.05706333333333334,0.0010662965924209643
2022-01-23 23:00:00,0.05627,0.05648,0.05582,0.05609,64165314.0,0.056987619047619044,0.0010469491356390136
2022-01-24 00:00:00,0.05609,0.05635,0.0559,0.05623,37069439.0,0.05693428571428572,0.0010185229863228702
2022-01-24 01:00:00,0.05624,0.05825,0.05611,0.05749,221972117.0,0.05699428571428572,0.0010719266536408287
2022-01-24 02:00:00,0.05748,0.05754,0.05677,0.05682,71128292.0,0.05699,0.0010575491939436464
2022-01-24 03:00:00,0.05682,0.05699,0.05556,0.0556,82299887.0,0.05690571428571428,0.0010752849466129967
2022-01-24 04:00:00,0.0556,0.05566,0.05463,0.05478,115307102.0,0.05676333333333334,0.0010731285205838065
2022-01-24 05:00:00,0.05478,0.05509,0.05459,0.05503,52638517.0,0.05665523809523809,0.001045836686270292
2022-01-24 06:00:00,0.05503,0.05585,0.05502,0.05524,85923387.0,0.05653285714285714,0.0010355587488288494
2022-01-24 07:00:00,0.05523,0.05531,0.05473,0.05515,52798374.0,0.05638809523809524,0.0010138654750750946
2022-01-24 08:00:00,0.05516,0.05571,0.05505,0.05544,48958874.0,0.056262380952380946,0.0009970147381667567
2022-01-24 09:00:00,0.05543,0.05551,0.0548,0.0549,68896324.0,0.056107142857142855,0.0009833473696826253
2022-01-24 10:00:00,0.05492,0.05573,0.05465,0.0549,113874167.0,0.055972857142857144,0.000987949875888215
2022-01-24 11:00:00,0.05489,0.05504,0.05361,0.0538,140300035.0,0.05578571428571429,0.0010089998817983
2022-01-24 12:00:00,0.05381,0.05393,0.05175,0.05183,274409514.0,0.05551428571428571,0.0010647617921888573
2022-01-24 13:00:00,0.05184,0.05333,0.0517,0.05242,161737584.0,0.05534047619047619,0.0010916778973227212
2022-01-24 14:00:00,0.05243,0.05276,0.05127,0.0514,131081379.0,0.055114761904761896,0.0011106456164978297
2022-01-24 15:00:00,0.05141,0.05219,0.05091,0.05148,237956504.0,0.05489380952380952,0.0011187101109503142
2022-01-24 16:00:00,0.05148,0.05303,0.05118,0.05215,180198431.0,0.054696190476190475,0.0011535334390002992
2022-01-24 17:00:00,0.05214,0.0535,0.05146,0.05331,192771454.0,0.05457190476190476,0.0011957461323812374
2022-01-24 18:00:00,0.05331,0.05355,0.0521,0.05235,147701379.0,0.05441285714285714,0.0012078534594107022
2022-01-24 19:00:00,0.05234,0.05371,0.05175,0.05351,154226887.0,0.05428190476190477,0.001243669961343526
2022-01-24 20:00:00,0.05352,0.05437,0.05323,0.05402,127187743.0,0.05418333333333333,0.0012387332965176439
2022-01-24 21:00:00,0.05402,0.05417,0.05346,0.05384,75901121.0,0.0540695238095238,0.0012135555204929945
2022-01-24 22:00:00,0.05384,0.05564,0.0537,0.05537,121355958.0,0.05396857142857143,0.001248148114755233
2022-01-24 23:00:00,0.05537,0.05542,0.05484,0.05507,58192019.0,0.0538852380952381,0.0012163315378621265
2022-01-25 00:00:00,0.05506,0.05523,0.05467,0.05472,29319899.0,0.05384333333333334,0.001185077655106787
2022-01-25 01:00:00,0.05472,0.05533,0.05467,0.05503,40333484.0,0.053855238095238095,0.0011600739572445588
2022-01-25 02:00:00,0.05502,0.05506,0.05424,0.05432,65744009.0,0.05382142857142857,0.0011438799592805322
2022-01-25 03:00:00,0.05433,0.05504,0.05433,0.05491,53398234.0,0.05380571428571429,0.0011236951993147924
2022-01-25 04:00:00,0.05491,0.05579,0.05478,0.05569,52913692.0,0.05383142857142857,0.001118281142204564
2022-01-25 05:00:00,0.05569,0.05573,0.05501,0.05527,78592649.0,0.053823333333333334,0.001099315373528156
2022-01-25 06:00:00,0.05526,0.05544,0.05473,0.05485,46776775.0,0.05382095238095238,0.0010807765462172915
2022-01-25 07:00:00,0.05483,0.05502,0.05459,0.05489,44696414.0,0.053820476190476196,0.001049787186873611
2022-01-25 08:00:00,0.0549,0.05506,0.05435,0.05438,54667088.0,0.05384809523809523,0.001033606844641534
2022-01-25 09:00:00,0.05439,0.05475,0.05427,0.05473,46189434.0,0.053986190476190486,0.0010072446139443181
2022-01-25 10:00:00,0.05473,0.05515,0.05449,0.05462,78087656.0,0.05409095238095238,0.0009907091561374458
2022-01-25 11:00:00,0.05462,0.05507,0.05444,0.05494,45630160.0,0.05425952380952381,0.0009735325296547103
2022-01-25 12:00:00,0.05494,0.05544,0.05489,0.05507,55377578.0,0.054430476190476196,0.000953364313956867
2022-01-25 13:00:00,0.05506,0.05532,0.05481,0.05507,41657871.0,0.05456952380952381,0.0009322517275779688
2022-01-25 14:00:00,0.05507,0.05588,0.05501,0.05553,67951625.0,0.054675238095238096,0.0009292873595980653
2022-01-25 15:00:00,0.05554,0.0557,0.05505,0.05543,54269314.0,0.05482190476190477,0.0009159879615219669
2022-01-25 16:00:00,0.05542,0.05587,0.05461,0.05462,117166738.0,0.0548747619047619,0.0009323694871637782
2022-01-25 17:00:00,0.05463,0.0553,0.05421,0.05501,86774935.0,0.05492190476190476,0.0009398757020607413
2022-01-25 18:00:00,0.055,0.05559,0.05485,0.05543,63265103.0,0.05499761904761905,0.0009303578114864201
2022-01-25 19:00:00,0.05542,0.05598,0.05532,0.05574,58761419.0,0.05501523809523809,0.0009174836299870668
2022-01-25 20:00:00,0.05573,0.05573,0.0555,0.05558,6841173.0,0.0550395238095238,0.0008852225047495874
